{"lr": 0.009998886215193948, "data_time": 0.001914223035176595, "loss": 0.14877565701802573, "decode.loss_ce": 0.10535745446880658, "decode.acc_seg": 30.7464599609375, "aux.loss_ce": 0.043418205032745995, "aux.acc_seg": 24.98779296875, "time": 4.699004610379537, "memory": 2733, "step": 6}
{"lr": 0.00997794446709763, "data_time": 0.0021040678024291993, "loss": 0.07034736424684525, "decode.loss_ce": 0.0479004954919219, "decode.acc_seg": 78.118896484375, "aux.loss_ce": 0.022446868382394312, "aux.acc_seg": 81.829833984375, "time": 1.4334037065505982, "memory": 2733, "step": 100}
{"lr": 0.009955660594668054, "data_time": 0.0022597551345825196, "loss": 0.07189846709370613, "decode.loss_ce": 0.04925097264349461, "decode.acc_seg": 71.08154296875, "aux.loss_ce": 0.022647495754063128, "aux.acc_seg": 67.578125, "time": 1.4833845376968384, "memory": 2733, "step": 200}
{"lr": 0.009933371122565919, "data_time": 0.0024347782135009767, "loss": 0.05535621270537376, "decode.loss_ce": 0.03876339104026556, "decode.acc_seg": 79.7271728515625, "aux.loss_ce": 0.016592821385711432, "aux.acc_seg": 77.1881103515625, "time": 1.4835968017578125, "memory": 2733, "step": 300}
{"lr": 0.009911076035273796, "data_time": 0.0023047924041748047, "loss": 0.06390923485159875, "decode.loss_ce": 0.04474769644439221, "decode.acc_seg": 81.8084716796875, "aux.loss_ce": 0.01916153822094202, "aux.acc_seg": 77.5543212890625, "time": 1.4828224420547484, "memory": 2733, "step": 400}
{"aAcc": 61.41, "mIoU": 18.99, "mAcc": 25.98, "data_time": 1.3156440258026123, "time": 12.557761812210083, "step": 400}
{"lr": 0.0098887753171919, "data_time": 0.002494549751281738, "loss": 0.04892398566007614, "decode.loss_ce": 0.03444081172347069, "decode.acc_seg": 77.1453857421875, "aux.loss_ce": 0.014483173657208682, "aux.acc_seg": 76.6845703125, "time": 1.4823292016983032, "memory": 2733, "step": 500}
{"lr": 0.009866468952637547, "data_time": 0.002137613296508789, "loss": 0.05242578871548176, "decode.loss_ce": 0.03751729354262352, "decode.acc_seg": 82.7850341796875, "aux.loss_ce": 0.014908494893461466, "aux.acc_seg": 81.9305419921875, "time": 1.482163095474243, "memory": 2733, "step": 600}
{"lr": 0.009844156925844432, "data_time": 0.0020932912826538085, "loss": 0.04578585885465145, "decode.loss_ce": 0.032767726480960845, "decode.acc_seg": 90.9759521484375, "aux.loss_ce": 0.013018132653087378, "aux.acc_seg": 89.593505859375, "time": 1.4830049514770507, "memory": 2733, "step": 700}
{"lr": 0.009821839220962003, "data_time": 0.0020258188247680663, "loss": 0.040919872187078, "decode.loss_ce": 0.028057700768113137, "decode.acc_seg": 80.767822265625, "aux.loss_ce": 0.012862171046435833, "aux.acc_seg": 79.3609619140625, "time": 1.482082223892212, "memory": 2733, "step": 800}
{"aAcc": 83.09, "mIoU": 47.39, "mAcc": 57.96, "data_time": 0.0030955834822221236, "time": 1.0486813241785222, "step": 800}
{"lr": 0.009799515822054777, "data_time": 0.002111339569091797, "loss": 0.042593454197049144, "decode.loss_ce": 0.0296578262001276, "decode.acc_seg": 84.3017578125, "aux.loss_ce": 0.01293562762439251, "aux.acc_seg": 84.4329833984375, "time": 1.4854820728302003, "memory": 2733, "step": 900}
{"lr": 0.00977718671310168, "data_time": 0.0022233963012695313, "loss": 0.04595237374305725, "decode.loss_ce": 0.03211991563439369, "decode.acc_seg": 75.8514404296875, "aux.loss_ce": 0.01383245773613453, "aux.acc_seg": 73.309326171875, "time": 1.4853275299072266, "memory": 2733, "step": 1000}
{"lr": 0.009754851877995354, "data_time": 0.002283525466918945, "loss": 0.03759059458971024, "decode.loss_ce": 0.02624920979142189, "decode.acc_seg": 94.2474365234375, "aux.loss_ce": 0.011341385124251247, "aux.acc_seg": 94.1192626953125, "time": 1.4854524612426758, "memory": 2733, "step": 1100}
{"lr": 0.009732511300541468, "data_time": 0.002430367469787598, "loss": 0.04529337510466576, "decode.loss_ce": 0.03148111514747143, "decode.acc_seg": 84.515380859375, "aux.loss_ce": 0.013812259305268526, "aux.acc_seg": 82.4554443359375, "time": 1.4852442741394043, "memory": 2733, "step": 1200}
{"aAcc": 87.61, "mIoU": 49.27, "mAcc": 54.76, "data_time": 0.0032395232807506213, "time": 0.9833970720117743, "step": 1200}
{"lr": 0.009710164964458045, "data_time": 0.0021855831146240234, "loss": 0.047294252552092075, "decode.loss_ce": 0.03395979795604944, "decode.acc_seg": 68.6431884765625, "aux.loss_ce": 0.013334454316645861, "aux.acc_seg": 71.4874267578125, "time": 1.4853648662567138, "memory": 2733, "step": 1300}
{"lr": 0.009687812853374727, "data_time": 0.0019357442855834962, "loss": 0.04433134831488132, "decode.loss_ce": 0.031572896242141726, "decode.acc_seg": 72.833251953125, "aux.loss_ce": 0.01275845170021057, "aux.acc_seg": 72.1466064453125, "time": 1.48525710105896, "memory": 2733, "step": 1400}
{"lr": 0.009665454950832103, "data_time": 0.002380514144897461, "loss": 0.047354526817798615, "decode.loss_ce": 0.033445899840444326, "decode.acc_seg": 76.416015625, "aux.loss_ce": 0.013908626651391387, "aux.acc_seg": 78.0059814453125, "time": 1.48545503616333, "memory": 2733, "step": 1500}
{"lr": 0.009643091240280942, "data_time": 0.0024478673934936524, "loss": 0.044893964752554895, "decode.loss_ce": 0.031535744108259676, "decode.acc_seg": 84.9273681640625, "aux.loss_ce": 0.013358220644295215, "aux.acc_seg": 86.932373046875, "time": 1.484869122505188, "memory": 2733, "step": 1600}
{"aAcc": 79.08, "mIoU": 40.72, "mAcc": 46.88, "data_time": 0.0028460459275679154, "time": 0.9825511845675382, "step": 1600}
{"lr": 0.009620721705081534, "data_time": 0.0023725271224975587, "loss": 0.04809750020503998, "decode.loss_ce": 0.034350319765508175, "decode.acc_seg": 70.3521728515625, "aux.loss_ce": 0.01374718053266406, "aux.acc_seg": 71.197509765625, "time": 1.4853408336639404, "memory": 2733, "step": 1700}
{"lr": 0.009598346328502901, "data_time": 0.0024526834487915037, "loss": 0.03576472029089928, "decode.loss_ce": 0.02487410306930542, "decode.acc_seg": 85.546875, "aux.loss_ce": 0.010890617268159986, "aux.acc_seg": 83.7799072265625, "time": 1.4865721225738526, "memory": 2733, "step": 1800}
{"lr": 0.009575965093722064, "data_time": 0.002060985565185547, "loss": 0.03544509243220091, "decode.loss_ce": 0.02518769819289446, "decode.acc_seg": 87.3687744140625, "aux.loss_ce": 0.010257393913343548, "aux.acc_seg": 85.626220703125, "time": 1.485304594039917, "memory": 2733, "step": 1900}
{"lr": 0.009553577983823325, "data_time": 0.002225017547607422, "loss": 0.03819538187235594, "decode.loss_ce": 0.027160034514963627, "decode.acc_seg": 73.211669921875, "aux.loss_ce": 0.011035347171127797, "aux.acc_seg": 75.3326416015625, "time": 1.4848252058029174, "memory": 2733, "step": 2000}
{"aAcc": 84.23, "mIoU": 48.6, "mAcc": 54.15, "data_time": 0.0027740435166792436, "time": 0.9830402894453569, "step": 2000}
{"lr": 0.0095311849817975, "data_time": 0.0022489547729492186, "loss": 0.039793022256344554, "decode.loss_ce": 0.028077768813818692, "decode.acc_seg": 83.013916015625, "aux.loss_ce": 0.011715253395959736, "aux.acc_seg": 81.9854736328125, "time": 1.4854536771774292, "memory": 2733, "step": 2100}
{"lr": 0.009508786070541123, "data_time": 0.002248239517211914, "loss": 0.03906773515045643, "decode.loss_ce": 0.02742768907919526, "decode.acc_seg": 94.51904296875, "aux.loss_ce": 0.011640045791864395, "aux.acc_seg": 94.4091796875, "time": 1.4847961902618407, "memory": 2733, "step": 2200}
{"lr": 0.009486381232855704, "data_time": 0.0020788431167602537, "loss": 0.04362140484154224, "decode.loss_ce": 0.03115623611956835, "decode.acc_seg": 85.7513427734375, "aux.loss_ce": 0.012465169141069054, "aux.acc_seg": 84.2041015625, "time": 1.4847021579742432, "memory": 2733, "step": 2300}
{"lr": 0.009463970451446941, "data_time": 0.0022199869155883787, "loss": 0.030352952145040035, "decode.loss_ce": 0.021704450342804195, "decode.acc_seg": 92.1173095703125, "aux.loss_ce": 0.008648501383140684, "aux.acc_seg": 92.9046630859375, "time": 1.4848052740097046, "memory": 2733,